<?xml version="1.0" encoding="UTF-8" standalone="yes"?>
<BoatClub>
    <members id="0">
        <name>123123</name>
        <personalNumber>123456789123</personalNumber>
        <Boat id="0">
            <type>aweqwe</type>
            <length>123</length>
        </Boat>
        <Boat id="1">
            <type>qweqwe</type>
            <length>123123</length>
        </Boat>
    </members>
    <members id="1">
        <name>123132</name>
        <personalNumber>123456789102</personalNumber>
    </members>
    <members id="2">
        <name>asdasd</name>
        <personalNumber>123456789098</personalNumber>
    </members>
    <size>2</size>
</BoatClub>
